"my.strains","samplesize","R","t0","n","G","avgLS","stdLS","CV","GompGFlex","GompRFlex","GompLogLikFlex","GompAICFlex","WeibShapeFlex","WeibRateFlex","WeibLogLikFlex","WeibAICFlex","BinomialAIC","BestModel"
"fig1b.BY4742",250,0.00525427601715772,60.7750483787084,8.18537031705971,0.118228952649867,26.336,9.10399003394405,0.345686134338702,0.0817625850310211,0.00739483434897552,-938.4,1881,3.03989571783836,29.4315318017381,-905.7,1815,1861.92670948471,"Weib"
"fig2b.sir2",90,0.00267569547588384,16.7551204305361,7.98190897986475,0.416703001856092,14.0777777777778,3.43879969187636,0.244271485610791,0.281069897546725,0.00338411347966995,-245.9,496,4.46511703533052,15.4050365993202,-239.6,483,494.951209584311,"bin<2"
"fig4b.by4742.SIR2.ox.2glucose",60,0.00439871460802484,78.1132223212505,7.99965203662931,0.0896090550181422,33.6833333333333,11.7017913544873,0.347405977867017,0.0639230430700252,0.0057351727365102,-240.5,485,3.01642748575853,37.7191738648567,-231.6,467,482.359825399779,"Weib"
"fig1b.fob1",140,0.00428212898583178,62.0615289123544,6.03056597948075,0.0810577191320102,39.7214285714286,12.2562964920035,0.308556286437779,0.0805584142247846,0.0021297361340101,-553.3,1111,3.66845961957006,44.0789982760746,-547.7,1099,1132.29069803415,"Weib"
"fig1b.hxk2",120,0.00762008162868157,117.333127272017,7.49447777497763,0.0553507600621713,34.825,16.6902892815709,0.479261716628023,0.042180420101801,0.008936594667348,-509.8,1024,2.19377724927729,39.2707319257658,-503.6,1011,1022.59065773431,"bin<2"
"fig1b.fob1.hxk2",160,0.00294828866898059,99.4389013528147,7.342894946399,0.0637868566537562,49.08125,19.7356657240724,0.402101937584565,0.0502292707885318,0.0029244078198248,-699.1,1402,2.72318392699662,55.0289718920593,-705,1414,1406.63573841413,"Gomp"
