"my.strains","samplesize","R","t0","n","G","avgLS","stdLS","CV","GompGFlex","GompRFlex","GompLogLikFlex","GompAICFlex","WeibShapeFlex","WeibRateFlex","WeibLogLikFlex","WeibAICFlex","BinomialAIC","BestModel"
"fig1b.BY4742",250,0.00296059819167868,20.8747969190511,5.03660738967936,0.193372295085439,26.548,8.46488707857418,0.318852157547619,0.0961127886261168,0.00541200790362554,-916.9,1838,3.32453714400531,29.5174782244454,-890,1784,1811.23743650803,"Weib"
"fig2b.sir2",90,0.00224205489653582,14.2258419868248,7.48519637412379,0.455874343334477,14.4333333333333,3.34882169450286,0.232019978833917,0.325994283715,0.00176612945987231,-237,478,5.01197382113518,15.718551369374,-235,474,486.823415019929,"Weib"
"fig4b.by4742.SIR2.ox.2glucose",60,0.00246462328850931,54.8978057899774,7.80725474884039,0.123998667175933,34.6,9.52641288066402,0.275329852042313,0.0908328984480487,0.00264220502880329,-227.6,459,3.85445963056369,38.204885503487,-220.8,446,458.14126786611,"bin<2"
"fig1b.fob1",140,0.00388490156928964,80.2065425176957,7.8796534681193,0.0857742180645858,35.7142857142857,14.0897869610732,0.394514034910049,0.0622323342283509,0.00494611496230337,-572.1,1148,2.79172246762293,40.206129190184,-565.4,1135,1146.189053391,"bin<2"
"fig1b.hxk2",120,0.00658907263785156,114.301831474888,7.43274573896114,0.0562785885051579,36.7666666666667,17.6567331092033,0.480237527902175,0.0437235410742564,0.00753151265966855,-513.7,1031,2.19311171994723,41.4513531616757,-511.1,1026,1031.94801116348,"bin<2"
"fig1b.fob1.hxk2",160,0.00505539322943469,131.678449014026,7.25240095752714,0.0474823405374492,45.6125,22.6796080795394,0.497223525997027,0.0379611260205066,0.00542170406959923,-717.7,1439,2.12019511685895,51.4431545007676,-722.5,1449,1443.4410195795,"Gomp"
