"my.strains","samplesize","R","t0","n","G","avgLS","stdLS","CV","GompGFlex","GompRFlex","GompLogLikFlex","GompAICFlex","WeibShapeFlex","WeibRateFlex","WeibLogLikFlex","WeibAICFlex","BinomialAIC","BestModel"
"fig1b.BY4742",250,0.00564476982045299,62.2446538242258,8.0252084418204,0.11286444714849,26.1,10.0197595943873,0.383898835033998,0.079925394798416,0.00765092321306303,-946.7,1897,2.79808997206296,29.2981261573432,-927.7,1859,1886.41184348517,"Weib"
"fig2b.sir2",90,0.00255822805040521,15.8572416932897,8.15369667593797,0.451131212748381,13.4111111111111,3.24952699909582,0.242301101838131,0.293696033419671,0.00362791321777905,-241.2,486,4.50639890875353,14.6709608006337,-234.4,473,484.295482181262,"bin<2"
"fig4b.by4742.SIR2.ox.2glucose",60,0.00492308475989733,79.6172285827363,8.06387930825541,0.0887229992050627,32.1166666666667,11.5098950306169,0.358377634580702,0.0627150560283069,0.00667617503644883,-239.7,483,2.91327898988973,36.0268635765475,-230.3,465,480.776965594288,"Weib"
"fig1b.fob1",140,0.00503513572612696,65.5571324716856,6.03147634191044,0.0767494878468571,37.9571428571429,12.6831171012455,0.334143092618436,0.0762642695041857,0.00279310535675305,-558,1120,3.3583306315195,42.3697108345583,-551.9,1108,1137.09308308344,"Weib"
"fig1b.hxk2",120,0.00684223591325546,114.200966951601,7.40892761037894,0.0561197315701809,36.25,17.6341199064186,0.486458480177066,0.0437624740192607,0.00775262408733131,-512.8,1030,2.17307344418783,40.9034784093627,-510.4,1025,1030.32945010431,"bin<2"
"fig1b.fob1.hxk2",160,0.00341486851916545,118.74069598317,7.5660234427821,0.0552971615031864,49.38125,21.4337862589937,0.434047057516642,0.0420814360711928,0.00392527608181479,-714,1432,2.47102568245152,55.5070233000787,-717.3,1439,1433.19938570985,"bin<2"
