"my.strains","samplesize","R","t0","n","G","avgLS","stdLS","CV","GompGFlex","GompRFlex","GompLogLikFlex","GompAICFlex","WeibShapeFlex","WeibRateFlex","WeibLogLikFlex","WeibAICFlex","BinomialAIC","BestModel"
"fig1b.BY4742",250,0.00382166007996774,53.315129441879,8.18858548332905,0.134831999070088,27.12,8.66196968798102,0.319394162536173,0.0928316513501489,0.00545538254604258,-923.4,1851,3.31032948394088,30.1408123761782,-896.5,1797,1832.27613107471,"Weib"
"fig2b.sir2",90,0.00271363106918346,17.2286392481321,8.12079728057335,0.413311648007569,14.1777777777778,3.48537160586376,0.245833420476284,0.273573389100811,0.00360837656823499,-247.1,498,4.45894896391406,15.5122436028183,-240.6,485,496.514608493227,"bin<2"
"fig4b.by4742.SIR2.ox.2glucose",60,0.0037815912633573,71.0346359278615,8.10428621156879,0.100011580530707,33.3833333333333,10.5719354523682,0.316683039012527,0.0702686387581764,0.00507013464367742,-236.3,477,3.24117976986222,37.1798913075361,-226.7,457,473.104889368597,"Weib"
"fig1b.fob1",140,0.0029162424096391,64.7824385177849,7.5427687446533,0.100996024452786,36.7428571428571,13.1976515398193,0.359189583121055,0.0769384691790191,0.00297813950328983,-558.5,1121,3.15065727150788,41.1552646981295,-557.2,1118,1124.0634773592,"Weib"
"fig1b.hxk2",120,0.00495852855606824,45.7852083941952,4.67538768740046,0.0802745650026665,36.6,16.1585630445243,0.441490793566237,0.0450475120261708,0.00746974864772588,-509.8,1024,2.43974159998783,41.4404832832756,-497.4,999,1017.34303893398,"Weib"
"fig1b.fob1.hxk2",160,0.00697098246255452,134.081236205034,6.02277092263181,0.0374606549342304,46.475,22.7557304967398,0.489633792291334,0.0372906301712045,0.00534883027810969,-719.6,1443,2.15811330387042,52.4106863823503,-723.4,1451,1451.99957143633,"bin<2"
