"my.strains","samplesize","R","t0","n","G","avgLS","stdLS","CV","GompGFlex","GompRFlex","GompLogLikFlex","GompAICFlex","WeibShapeFlex","WeibRateFlex","WeibLogLikFlex","WeibAICFlex","BinomialAIC","BestModel"
"fig1b.BY4742",250,0.00498361379220406,59.8386308852004,8.17903849894227,0.119973308091142,26.44,9.18651010294366,0.347447432032665,0.0830149085534214,0.00709827459269365,-938.2,1880,3.04291386605678,29.57338897222,-906.9,1818,1862.97651107898,"Weib"
"fig2b.sir2",90,0.0021658338091074,14.5628066185992,7.70747777459032,0.460589634282703,14.3,3.19919231379956,0.223719742223745,0.31731611358855,0.00208671339973654,-237.1,478,4.99368612778578,15.5510863414282,-232.4,469,482.699396650295,"Weib"
"fig4b.by4742.SIR2.ox.2glucose",60,0.0035298947134044,73.1609842066449,8.23250459155236,0.0988573987895513,34.0666666666667,10.8563293523018,0.318678943805337,0.0682262023756337,0.00505324587975613,-237.8,480,3.22732444240798,37.9465479991313,-228.2,460,475.944718457295,"Weib"
"fig1b.fob1",140,0.00278522396466405,69.3212769131626,7.6904783246165,0.0965140664243322,38.5357142857143,13.0942409848047,0.339794946778992,0.0719137784603103,0.00304350560585356,-563.3,1131,3.28385427281702,43.0305000635714,-556.7,1117,1129.47810514177,"bin<2"
"fig1b.hxk2",120,0.00730695711896397,118.342965767724,7.3652368398568,0.0537863556026651,35.9583333333333,17.8891995176909,0.497498016714464,0.0422325931300971,0.00821726287326245,-513.9,1032,2.10148055951841,40.5096638284394,-512.5,1029,1032.778433066,"bin<2"
"fig1b.fob1.hxk2",160,0.0057438048421464,124.8687827775,6.0230802634885,0.0402268697728798,50.06875,21.2404982456455,0.424226653264672,0.0400417030721873,0.00412946921765448,-717.5,1439,2.54029109476168,56.3785874876229,-713.3,1431,1447.99142137759,"Weib"
