"my.strains","samplesize","R","t0","n","G","avgLS","stdLS","CV","GompGFlex","GompRFlex","GompLogLikFlex","GompAICFlex","WeibShapeFlex","WeibRateFlex","WeibLogLikFlex","WeibAICFlex","BinomialAIC","BestModel"
"fig1b.BY4742",250,0.00464621722740164,55.7277289343342,8.10497678139681,0.127494461325866,25.972,9.51785555139333,0.366466023078443,0.0890371755736344,0.00647587568178423,-931.8,1868,2.95152325141802,29.0665194597117,-917,1838,1856.94468290935,"Weib"
"fig2b.sir2",90,0.00277193661164977,15.2552168384681,7.64773840871341,0.435768201730849,13.8333333333333,3.12024919776927,0.225560182971273,0.307067766754621,0.00278477748247171,-237.2,478,4.87713468493645,15.0499594763935,-230.6,465,481.355435978223,"Weib"
"fig4b.by4742.SIR2.ox.2glucose",60,0.00374171610078683,74.1084186317749,7.95957957642052,0.0939107824038296,34.8333333333333,11.8166310072534,0.339233426045551,0.0673708119250105,0.00475645172001731,-240.1,484,3.12027680626918,38.964996864576,-232.3,469,482.094666011659,"bin<2"
"fig1b.fob1",140,0.00342930111480583,77.5530780908128,7.7598464451547,0.0871641282534149,37.7357142857143,13.9962023185663,0.370900686087314,0.0643433451474382,0.00402443831271913,-572.2,1148,2.98005734805153,42.3403096456171,-565.4,1135,1146.40521072267,"bin<2"
"fig1b.hxk2",120,0.00374214154685183,90.3152529125798,7.68711088542515,0.0740418774212802,40.2583333333333,15.8084627018948,0.39267553803092,0.0553038248391598,0.00436211231453569,-505,1014,2.76641423216821,45.2596778964717,-499.3,1003,1012.90902678552,"bin<2"
"fig1b.fob1.hxk2",160,0.00536250823036365,113.960100936843,6.02364042151658,0.0440824497365152,49.05,21.3352396946973,0.434969208862331,0.0438745164450674,0.00370845852029366,-711.2,1426,2.47885900666509,55.1589777234579,-716.4,1437,1438.98054181765,"bin<2"
