"my.strains","samplesize","R","t0","n","G","avgLS","stdLS","CV","GompGFlex","GompRFlex","GompLogLikFlex","GompAICFlex","WeibShapeFlex","WeibRateFlex","WeibLogLikFlex","WeibAICFlex","BinomialAIC","BestModel"
"fig1b.BY4742",250,0.0052204366401534,60.6624634868587,8.08998799133839,0.116876031466712,26.524,9.50551647063399,0.358374169455361,0.0819350138006366,0.00714339149095033,-942.1,1888,2.9584909504467,29.6730052506848,-916.5,1837,1873.01596582959,"Weib"
"fig2b.sir2",90,0.0027688854726915,17.1226246409862,8.11173862495328,0.415341618126115,13.9888888888889,3.47541750606286,0.248441283197504,0.27527439880656,0.00370657421707582,-247.2,498,4.37404493630639,15.3265197076349,-240.6,485,496.626974040014,"bin<2"
"fig4b.by4742.SIR2.ox.2glucose",60,0.00386387103066554,52.1230220650303,6.03073016023152,0.0965164712428804,37.4166666666667,10.002189025945,0.267319083098753,0.0959210123028562,0.00169526965544092,-227.5,459,4.13578382312509,41.2067013531778,-223,450,471.235715652466,"Weib"
"fig1b.fob1",140,0.00495664115195336,68.3029112327545,6.03067468166881,0.0736524196534739,39.2357142857143,13.0100186708959,0.33158613033414,0.0731989856577391,0.00277166531498394,-562.3,1129,3.37723282293638,43.7450229832483,-555.9,1116,1145.68162267985,"Weib"
"fig1b.hxk2",120,0.00492216264334744,94.3636781391021,7.62546710271319,0.0702120480397823,36.9916666666667,15.8911718176066,0.429587884233565,0.052946542185156,0.00577924592487935,-503.4,1011,2.50959004667379,41.7006724243854,-499.3,1003,1010.4358164674,"bin<2"
"fig1b.fob1.hxk2",160,0.00571805498101067,120.119456668423,6.02340127071968,0.0418200465607022,48.89375,21.487043594986,0.439464013191584,0.0416248528524532,0.00407906958472478,-714.7,1433,2.46816960726052,55.1396071455774,-714.7,1433,1443.8282150995,"NA"
