"my.strains","samplesize","R","t0","n","G","avgLS","stdLS","CV","GompGFlex","GompRFlex","GompLogLikFlex","GompAICFlex","WeibShapeFlex","WeibRateFlex","WeibLogLikFlex","WeibAICFlex","BinomialAIC","BestModel"
"fig1b.BY4742",250,0.00421718961566655,55.5873821967434,8.12528492752567,0.12818169602423,26.996,9.30237176648664,0.344583337030917,0.0891965578610965,0.00586663829435086,-932.6,1869,3.1413792978468,30.1685694597,-910,1824,1855.07347964709,"Weib"
"fig2b.sir2",90,0.00268451645094484,16.4245968106338,8.04049807538726,0.428655762851299,13.8777777777778,3.46354296027967,0.24957475294249,0.285611951200522,0.00340660709370157,-244.7,493,4.45321636930687,15.1911952093287,-239.6,483,493.001880248614,"bin<2"
"fig4b.by4742.SIR2.ox.2glucose",60,0.00459454806381639,81.3347847213673,8.06199327937312,0.086826236813262,33.8,11.5330034896173,0.341213120994595,0.0613945957931914,0.00612386974897798,-241.2,486,3.01885750749522,37.7931893486437,-231.1,466,483.145118149319,"Weib"
"fig1b.fob1",140,0.0032410863524996,73.2158937848297,7.74118756065281,0.0920727346505408,37.3642857142857,13.4234899418869,0.359259910507391,0.0681277495013369,0.00371798856317732,-566.9,1138,3.08049707444008,41.859942529221,-559.8,1124,1135.87710678668,"Weib"
"fig1b.hxk2",120,0.00767142216549514,102.686134333185,6.02593578387404,0.0489446390840503,39.0333333333333,17.5872056882715,0.450568890391242,0.0486915699368399,0.00565464666793436,-513,1030,2.39213503013462,44.073530211852,-510.7,1025,1036.79224464953,"Weib"
"fig1b.fob1.hxk2",160,0.00587825976518725,123.343437106371,6.02299949076005,0.0407236867124776,48.54375,22.6457117922713,0.466501079794439,0.0405369067529457,0.00426386179518922,-718.4,1441,2.29903715679598,54.7585894918356,-723.5,1451,1451.90915804565,"bin<2"
