"my.strains","samplesize","R","t0","n","G","avgLS","stdLS","CV","GompGFlex","GompRFlex","GompLogLikFlex","GompAICFlex","WeibShapeFlex","WeibRateFlex","WeibLogLikFlex","WeibAICFlex","BinomialAIC","BestModel"
"fig1b.BY4742",250,0.00467876353637336,59.2072008672413,8.17207067866619,0.121135108122202,26.896,9.33863073990965,0.347212624178675,0.0838685113015059,0.0066513176119363,-939.3,1883,3.06884922213805,30.0678063015162,-911.3,1827,1865.96515544056,"Weib"
"fig2b.sir2",90,0.00255548262383159,16.1368705837712,8.26867221053974,0.45043877453227,13.5111111111111,3.11301885506818,0.230404356049454,0.28848688147256,0.00380306105826068,-240.7,485,4.60210117638272,14.7329071261184,-231.8,468,481.26571644619,"Weib"
"fig4b.by4742.SIR2.ox.2glucose",60,0.00221313834859526,52.7217773180675,7.7381926459051,0.127806629227501,35.6333333333333,9.23693152268665,0.259221651712441,0.0945433434084739,0.00217322873741595,-225.8,456,4.11054841109942,39.1693531929396,-219.1,442,455.403543429446,"bin<2"
"fig1b.fob1",140,0.00313250777811385,75.2788670247906,7.75906536218127,0.0897870229629704,38.5,13.4005798220952,0.348067008366109,0.0662658231191952,0.00363098258236086,-569.4,1143,3.16087171613538,43.0663783621248,-559.8,1124,1139.37849266972,"Weib"
"fig1b.hxk2",120,0.00645821444629918,108.836435855401,7.54511761452174,0.0601371917692852,35.9416666666667,16.4113589650959,0.456610961236147,0.0459150728519841,0.00754648783133753,-508.4,1021,2.31641814957164,40.5210427894032,-502.5,1009,1019.64555956238,"bin<2"
"fig1b.fob1.hxk2",160,0.00368917556644991,115.730699460321,7.61076485977138,0.0571219640994043,47.28125,20.5573815340036,0.434789298802455,0.0431744741143459,0.00421370335105935,-708.5,1421,2.50090108920974,53.3190134883544,-707.5,1419,1421.92749202719,"bin<2"
