"my.strains","samplesize","R","t0","n","G","avgLS","stdLS","CV","GompGFlex","GompRFlex","GompLogLikFlex","GompAICFlex","WeibShapeFlex","WeibRateFlex","WeibLogLikFlex","WeibAICFlex","BinomialAIC","BestModel"
"fig1b.BY4742",250,0.00317403277964084,14.8520856868246,4.11801800556386,0.209938056601025,26.376,9.30057129998067,0.352614926447553,0.086686818570432,0.00656097756077349,-935,1874,3.03344844995004,29.5245164097118,-909.5,1823,1846.92081733501,"Weib"
"fig2b.sir2",90,0.0021622303114598,14.0471648459121,7.70966441420208,0.477652571732628,14,2.86787710704688,0.204848364789063,0.326890005544994,0.00211139733172846,-232.6,469,5.1870459550509,15.1738025828782,-224.8,454,472.225713223939,"Weib"
"fig4b.by4742.SIR2.ox.2glucose",60,0.0034664332939187,68.0591561617834,7.98416160738697,0.102618986206425,33.8166666666667,11.1499664310001,0.329718080758998,0.0733388163867113,0.00443092807635013,-236.3,477,3.22696484372092,37.7637806985776,-229,462,474.641074893191,"Weib"
"fig1b.fob1",140,0.00370937479653644,76.85291241664,7.75425593360223,0.08788549088401,36.2571428571429,13.9016956827987,0.383419502677662,0.0649348780621328,0.00440116125928447,-570,1144,2.88412536538879,40.7635505284084,-563.9,1132,1142.63646814123,"bin<2"
"fig1b.hxk2",120,0.00490888095163238,89.9563850530967,7.82695723081246,0.0758918583353794,35.3916666666667,13.7903241156866,0.389648903669034,0.0555293145169274,0.00617844980080858,-494.6,993,2.74947737208832,39.8405385913001,-481.5,967,988.738322902576,"Weib"
"fig1b.fob1.hxk2",160,0.0055523018510739,116.101457841984,6.02381827884155,0.0432709319264453,48.8375,21.04887618566,0.430998232621654,0.0430653295761631,0.00388771212108571,-711.5,1427,2.50044866277264,54.9354778561668,-713.6,1431,1438.21844460479,"Gomp"
