"my.strains","samplesize","R","t0","n","G","avgLS","stdLS","CV","GompGFlex","GompRFlex","GompLogLikFlex","GompAICFlex","WeibShapeFlex","WeibRateFlex","WeibLogLikFlex","WeibAICFlex","BinomialAIC","BestModel"
"fig1b.BY4742",250,0.00334880077567168,50.5710546684541,8.14233547770734,0.141233666660361,27.776,8.5937906041392,0.30939626310985,0.0976582930956858,0.00456645444050708,-919.1,1842,3.44290467534457,30.8285068327698,-894.1,1792,1825.8355345552,"Weib"
"fig2b.sir2",90,0.00215635765387964,13.5621724795532,7.4554047453943,0.47598603801321,14.2777777777778,3.01691030944424,0.211301111167301,0.339263265528947,0.00163270011348087,-231.6,467,5.30715261881264,15.4741560202987,-227,458,476.132386767102,"Weib"
"fig4b.by4742.SIR2.ox.2glucose",60,0.00327005033277,73.1048612809108,7.79829944559974,0.0929938081610849,36.9833333333333,12.7045856750679,0.34352192001085,0.0683026178450866,0.0038463796421415,-242.1,488,3.16048995814855,41.4065043067953,-236.3,477,487.404034626266,"bin<2"
"fig1b.fob1",140,0.00291913165231663,71.7337970122091,7.71516147079936,0.0936122406800303,38.5928571428571,13.3631601551416,0.346259933688658,0.0695157088832443,0.00325077361687524,-566.4,1137,3.21879466898772,43.1682934778156,-559,1122,1135.32520130217,"bin<2"
"fig1b.hxk2",120,0.00428852220504005,94.5270417774058,7.69083124833875,0.0707821922968292,38.7583333333333,16.0246636762952,0.413450793626193,0.052851228876182,0.00517951046290637,-505.8,1016,2.60565326104159,43.6176575275694,-501.1,1006,1014.4618474065,"bin<2"
"fig1b.fob1.hxk2",160,0.0066628698232044,129.391817764382,6.02375058170289,0.0388258753026484,47.09375,21.7046489165615,0.460881728818824,0.0386420682130989,0.00500619214062339,-716.4,1437,2.31579000761748,53.0901428320113,-716.6,1437,1445.08879930475,"NA"
