"my.strains","samplesize","R","t0","n","G","avgLS","stdLS","CV","GompGFlex","GompRFlex","GompLogLikFlex","GompAICFlex","WeibShapeFlex","WeibRateFlex","WeibLogLikFlex","WeibAICFlex","BinomialAIC","BestModel"
"fig1b.BY4742",250,0.00378108095964016,48.4478503976924,8.08935793918097,0.146329669551627,25.868,8.77808607731337,0.339341506004074,0.101938824029462,0.00509356037410095,-910.7,1825,3.23447821437477,28.8418300346882,-897,1798,1815.14728836058,"Weib"
"fig2b.sir2",90,0.00279440319536544,16.5127366505501,7.93723436223807,0.42011415242954,13.8777777777778,3.72005732038047,0.268058573926535,0.285201476451895,0.00333696683395569,-247,498,4.28353386653723,15.2534871529374,-244.8,494,500.06367746618,"Weib"
"fig4b.by4742.SIR2.ox.2glucose",60,0.003211321986078,71.5002932062877,7.91479913878569,0.0967100808780684,36.35,11.7239794828912,0.322530384673761,0.0698246829310076,0.00395559235064936,-239.7,483,3.28825636000197,40.5303389083851,-232.3,469,481.286597687529,"bin<2"
"fig1b.fob1",140,0.00409584296593939,84.500371988487,7.82071353554251,0.0807181480392988,36.3928571428571,14.7417561054635,0.405072787981333,0.0590880353693523,0.00511320170124894,-577.6,1159,2.71549473234278,41.015003026658,-571.5,1147,1157.5784097266,"bin<2"
"fig1b.hxk2",120,0.00542136992067662,107.346835889974,7.4985285696552,0.0605376815793242,38.4333333333333,17.4638802917891,0.4543941099338,0.0465526849937042,0.00629012399519418,-513.6,1031,2.36265061535765,43.4064785753377,-509.4,1023,1031.34944035662,"bin<2"
"fig1b.fob1.hxk2",160,0.00419827310509794,98.2755149630658,6.02334888212831,0.0511149586345715,51.28125,19.4001789121621,0.378309399871534,0.0508763087719338,0.00253472316395994,-699,1402,2.94873599705248,57.4510879635764,-700.5,1405,1419.30484378394,"Gomp"
