"my.strains","samplesize","R","t0","n","G","avgLS","stdLS","CV","GompGFlex","GompRFlex","GompLogLikFlex","GompAICFlex","WeibShapeFlex","WeibRateFlex","WeibLogLikFlex","WeibAICFlex","BinomialAIC","BestModel"
"fig1b.BY4742",250,0.00375647579624151,53.9152660386819,8.2136134814731,0.133795379518254,27.428,8.5628327332531,0.312193114089729,0.0918029878775109,0.00543232411905105,-924.4,1853,3.37593704690512,30.4676750419718,-893.1,1790,1832.12056045848,"Weib"
"fig2b.sir2",90,0.00299353504383572,18.4411195835395,8.39897706332922,0.40122168449759,13.7555555555556,3.50701099119813,0.254952333770462,0.257338757707428,0.00486460264318581,-250.7,505,4.17103193701208,15.1098669624471,-242,488,500.682240463558,"Weib"
"fig4b.by4742.SIR2.ox.2glucose",60,0.00393018677898202,72.0369057297178,7.964578321359,0.0966806979118464,33.5333333333333,11.4957127847463,0.34281449656301,0.0693018573492511,0.00501841115062969,-238.2,480,3.09363174508736,37.5367756139731,-230.5,465,478.48200142273,"bin<2"
"fig1b.fob1",140,0.00287199569761779,69.855136995675,7.66195459605167,0.0953681415937117,38.4,13.4355910891062,0.34988518461214,0.0713755905285258,0.00310702334502681,-564.7,1133,3.20402311828305,42.9221680375941,-560.3,1125,1133.30043184321,"bin<2"
"fig1b.hxk2",120,0.00558751755039383,106.205926103385,7.62088715420683,0.0623400915289962,37.5083333333333,16.65618507944,0.444066254061942,0.0470499456494281,0.00663161074236183,-510.1,1024,2.3710908719811,42.1957654538975,-506,1016,1023.20579453226,"bin<2"
"fig1b.fob1.hxk2",160,0.00311968167130508,108.714160145612,7.38295493402396,0.0587131881024021,50.4375,20.6959685254773,0.410328991831025,0.0459544722575411,0.00320305199645483,-708.2,1420,2.66014018019023,56.6378403535254,-711.6,1427,1423.23430329207,"Gomp"
