"my.strains","samplesize","R","t0","n","G","avgLS","stdLS","CV","GompGFlex","GompRFlex","GompLogLikFlex","GompAICFlex","WeibShapeFlex","WeibRateFlex","WeibLogLikFlex","WeibAICFlex","BinomialAIC","BestModel"
"fig1b.BY4742",250,0.00561079879818671,63.913567640755,8.05888792222039,0.110444279403975,26.624,9.98687009513936,0.375107801049405,0.0778518281825442,0.007633102192954,-950.6,1905,2.84682658670891,29.8612367676334,-927,1858,1891.94484222435,"Weib"
"fig2b.sir2",90,0.00284742635432128,17.4946566761661,8.12613587626219,0.407332136215654,14.0666666666667,3.64059508655792,0.258810077243454,0.270236656599928,0.00381823644837159,-249,502,4.30941164583042,15.4389799717215,-243.8,492,500.910446248574,"bin<2"
"fig4b.by4742.SIR2.ox.2glucose",60,0.00269556123878235,61.3026113408436,7.819907901537,0.111249875859581,35.6,10.8318425745264,0.304265240857482,0.0814058983213593,0.00304538944664182,-233.8,472,3.5365415368894,39.5579004758463,-227.7,459,470.574990149888,"bin<2"
"fig1b.fob1",140,0.00244974597210836,62.0395404903398,7.49673445756645,0.104719254949641,38.9071428571429,12.4910882929405,0.321048716910532,0.0802774250569782,0.00228906237192369,-553.9,1112,3.54270194010481,43.2670776756265,-550.2,1104,1114.85456912661,"Weib"
"fig1b.hxk2",120,0.00593702889148043,104.035002305001,7.55539113345815,0.0630113998963501,36.275,16.3203036406915,0.449904993540773,0.0480317157413935,0.00695700101559844,-507.1,1018,2.35547645535205,40.874426658797,-502.5,1009,1017.41656737632,"bin<2"
"fig1b.fob1.hxk2",160,0.00625652148618876,122.150581771182,6.02423937981105,0.0411315223141767,47.4625,20.5686112145569,0.433365524668042,0.0409327337603442,0.0045650149769512,-711.4,1427,2.50275645196448,53.5414799123755,-706.9,1418,1435.51074203779,"Weib"
