"my.strains","samplesize","R","t0","n","G","avgLS","stdLS","CV","GompGFlex","GompRFlex","GompLogLikFlex","GompAICFlex","WeibShapeFlex","WeibRateFlex","WeibLogLikFlex","WeibAICFlex","BinomialAIC","BestModel"
"fig1b.BY4742",250,0.0048740957408353,59.4289726850592,8.17288495650152,0.120696768468704,26.46,9.48304341705759,0.358391663532033,0.0835810902091095,0.00695283381998616,-939.3,1883,2.98119517326856,29.6039445401107,-915.6,1835,1867.62645205187,"Weib"
"fig2b.sir2",90,0.00444823476054703,21.3923652613319,8.37850364241231,0.344912942177059,13.5222222222222,4.19263071467223,0.310054859753904,0.2264215088064,0.00702537501457429,-260.7,525,3.59136824564971,14.9939240201479,-256.1,516,522.808051152798,"Weib"
"fig4b.by4742.SIR2.ox.2glucose",60,0.00278088260722707,59.6385108120441,7.84941581091513,0.114848873951626,34.5166666666667,10.412657985725,0.301670438987688,0.0836661515876893,0.00318015295399658,-231.8,468,3.55768749692181,38.3364338335435,-225.4,455,466.334199647408,"bin<2"
"fig1b.fob1",140,0.00308972845440887,77.5275047989877,7.68516610874278,0.0862296049134562,39.7357142857143,14.1561744996501,0.356258211387922,0.0643586984508297,0.00347050487402193,-574.9,1154,3.1001058527662,44.492412372919,-567.4,1139,1151.8260401188,"Weib"
"fig1b.hxk2",120,0.00522536006741754,104.069336509066,7.52680082217564,0.0627158877063377,38.5,17.1420167861252,0.445247189250005,0.0480167158068563,0.00601703455481578,-511.7,1027,2.39968098215171,43.4024201349509,-508.4,1021,1027.51365723953,"bin<2"
"fig1b.fob1.hxk2",160,0.00571467029195052,117.850482035438,6.02370302899281,0.0426277681875087,48.45625,21.2398246078227,0.438329928705227,0.0424262286397179,0.00405532961747018,-712.3,1429,2.45647695081808,54.5476878548535,-714.6,1433,1439.55253156486,"Gomp"
