"my.strains","samplesize","R","t0","n","G","avgLS","stdLS","CV","GompGFlex","GompRFlex","GompLogLikFlex","GompAICFlex","WeibShapeFlex","WeibRateFlex","WeibLogLikFlex","WeibAICFlex","BinomialAIC","BestModel"
"fig1b.BY4742",250,0.00413024675828936,52.3750606291529,8.13974857807323,0.136319624117039,25.98,9.00622274834301,0.346659844047075,0.0945388809451459,0.00584191525032968,-921.6,1847,3.1355705520065,29.0345626514425,-902,1808,1834.69016617981,"Weib"
"fig2b.sir2",90,0.00251383908737059,15.3912940116842,7.86705293885189,0.446164756104251,13.8888888888889,3.43623927056808,0.247409227480902,0.302681959187697,0.00280507365668142,-240.5,485,4.65882875525296,15.1689612942933,-237.6,479,487.947036852475,"Weib"
"fig4b.by4742.SIR2.ox.2glucose",60,0.00421025426704021,56.1606637729664,6.03165315022093,0.0895939045621285,37.7333333333333,10.9480540282577,0.290142774600469,0.0890258865883521,0.00197944810012194,-231.9,468,3.8345968128858,41.7978163086502,-228,460,478.483759709999,"Weib"
"fig1b.fob1",140,0.00296854302683446,68.5426728300057,7.6817254770574,0.0974827096928203,37.2785714285714,13.1308127147111,0.352234868760213,0.0727355701381703,0.00326243499288006,-561.9,1128,3.17970168987056,41.7361362136602,-556.4,1117,1127.63251714994,"bin<2"
"fig1b.hxk2",120,0.00621994664984625,104.800992776503,7.5535385191075,0.0625331721149197,35.7083333333333,16.4185772182351,0.459796794909734,0.0476811117021842,0.00727227018315249,-506.5,1017,2.30603278109967,40.2468352751071,-503.2,1010,1016.66517351179,"bin<2"
"fig1b.fob1.hxk2",160,0.00389211108675171,114.215765983677,7.47217806131449,0.0566662404754125,46.51875,20.4050098284865,0.438640544479085,0.04374920673618,0.0042974722032182,-706.3,1417,2.46855519982913,52.4246769471839,-707.1,1418,1418.143674357,"bin<2"
