"my.strains","samplesize","R","t0","n","G","avgLS","stdLS","CV","GompGFlex","GompRFlex","GompLogLikFlex","GompAICFlex","WeibShapeFlex","WeibRateFlex","WeibLogLikFlex","WeibAICFlex","BinomialAIC","BestModel"
"fig1b.BY4742",250,0.00386654897246581,55.9408791034791,8.16829942700009,0.12814062885462,27.752,9.42069498369964,0.339460038328756,0.088602260984612,0.00548373230807809,-936.8,1878,3.16598786185367,30.9710036780476,-914.6,1833,1863.26742338342,"Weib"
"fig2b.sir2",90,0.00300324441163177,17.1538083646285,8.18457161689405,0.418832451906643,13.4333333333333,3.5947839865717,0.267601785600871,0.275206034649375,0.00431664798528733,-247.4,499,4.16997472138774,14.7711526994653,-242.6,489,497.217539796878,"bin<2"
"fig4b.by4742.SIR2.ox.2glucose",60,0.00287688481628352,61.6198177848666,7.75025817874612,0.109546870169485,35.15,11.3239284672857,0.322160127092054,0.0809958377471883,0.00316285224908793,-234.6,473,3.41111967370888,39.2016142556582,-229.7,463,473.060002890663,"bin<2"
"fig1b.fob1",140,0.00258030944071805,68.807184361801,7.56262813042803,0.0953770771366041,40.0857142857143,13.0623770321764,0.325861151907466,0.0725795791239926,0.00264086196270257,-563.8,1132,3.42699046236723,44.6583902446057,-556.5,1117,1131.37912102386,"bin<2"
"fig1b.hxk2",120,0.00468428903525584,99.6947928934206,7.71270842859287,0.0673325881299452,38.675,16.3831038706643,0.423609666985502,0.0501172491867942,0.00564546025949008,-508.6,1021,2.48929165376108,43.4273422116687,-505.4,1015,1020.0890406688,"bin<2"
"fig1b.fob1.hxk2",160,0.00320730184904242,112.887467717689,7.51112557864084,0.0576780196268022,49.23125,21.1999234230847,0.430619239265399,0.0442591102207648,0.00361734926394902,-710.9,1426,2.51982733837104,55.4151324287559,-714.3,1433,1428.46867913824,"Gomp"
