"my.strains","samplesize","R","t0","n","G","avgLS","stdLS","CV","GompGFlex","GompRFlex","GompLogLikFlex","GompAICFlex","WeibShapeFlex","WeibRateFlex","WeibLogLikFlex","WeibAICFlex","BinomialAIC","BestModel"
"fig1b.BY4742",250,0.00526210568903306,59.6518670055972,8.08910210165867,0.118841244331774,25.968,9.65213087986732,0.37169327171393,0.0833167571194052,0.00728292826026187,-939.7,1883,2.87992399962587,29.0942026839632,-919.7,1843,1870.97579992193,"Weib"
"fig2b.sir2",90,0.00283442114809732,18.1343357894537,8.35475450858482,0.405570658554922,14.0555555555556,3.43596677303757,0.244456134050104,0.260864641162601,0.00436485730898062,-249.1,502,4.35223347575721,15.3777578668634,-240.4,485,497.442096203115,"Weib"
"fig4b.by4742.SIR2.ox.2glucose",60,0.00268449204793409,64.2852912611056,7.88725580161711,0.107135795241922,36.8166666666667,10.6715075526529,0.28985534321375,0.07763862387877,0.00309981092846125,-235.1,474,3.62787225343278,40.7726091905374,-227.5,459,472.06727352765,"bin<2"
"fig1b.fob1",140,0.00244492890650795,70.7722819704935,7.79672482801436,0.0960365363214947,39.75,13.7653119452354,0.346297155854979,0.0704329580861207,0.00286020901227038,-568,1140,3.23387071662959,44.4095212027855,-563.9,1132,1139.52840054746,"bin<2"
"fig1b.hxk2",120,0.00523560721901319,106.78800504119,7.72723242199974,0.0629961428664666,37.975,17.1240960014112,0.450930770280742,0.046792039749961,0.00644681363161704,-512.1,1028,2.36603826699157,42.8399366563973,-507.6,1019,1027.85327539087,"bin<2"
"fig1b.fob1.hxk2",160,0.00602429512361459,115.266322596398,6.02443212509377,0.043589766827963,46.625,20.6024819900648,0.441876289331148,0.0433773647419751,0.00431352641052096,-707.8,1420,2.45051916399047,52.5848086354256,-707.9,1420,1429.89279510242,"NA"
