"my.strains","samplesize","R","t0","n","G","avgLS","stdLS","CV","GompGFlex","GompRFlex","GompLogLikFlex","GompAICFlex","WeibShapeFlex","WeibRateFlex","WeibLogLikFlex","WeibAICFlex","BinomialAIC","BestModel"
"fig1b.BY4742",250,0.00443179748044411,58.8021145005675,8.03959568547721,0.119716709939219,27.824,9.78981029142897,0.351847695925423,0.0844449232605507,0.005904194529173,-945.6,1895,3.04998137961225,31.1325317328794,-922.7,1849,1882.6177397794,"Weib"
"fig2b.sir2",90,0.00302444247475663,18.6590718374613,8.15939967951835,0.383695381093105,14.3555555555556,3.81690830564907,0.26588370550187,0.255359226299022,0.00414190849924707,-253.9,512,4.1627319737701,15.7967572072144,-248.1,500,510.11774917243,"bin<2"
"fig4b.by4742.SIR2.ox.2glucose",60,0.00235959530505614,53.6043363635423,7.48903547476711,0.121054301106514,35.4833333333333,9.89519942959274,0.27886893648453,0.0930439337504795,0.00223936520448017,-228,460,3.88840491111756,39.2158122920814,-222.6,449,461.022905937281,"bin<2"
"fig1b.fob1",140,0.0035395134733354,69.7497360345331,7.61056827633676,0.0947755310939653,35.0714285714286,13.7577409771162,0.392277746801684,0.071518767926298,0.00395389475019236,-563.5,1131,2.85954802773365,39.4966933908451,-561.8,1128,1133.28309557544,"Weib"
"fig1b.hxk2",120,0.00612052715603975,108.410374602234,7.46140469698471,0.0596013501539136,36.8916666666667,17.3005055705664,0.46895429601716,0.0460969679362701,0.00699252444831828,-511.5,1027,2.27701216642046,41.6678634913051,-508,1020,1027.50657965933,"bin<2"
"fig1b.fob1.hxk2",160,0.00316779897318388,110.306851053381,7.40490365035093,0.0580644229183134,50.45,20.6351352074913,0.409021510554832,0.0452925300018963,0.00329167292635379,-709.1,1422,2.66765131314239,56.6743434982441,-710.6,1425,1424.15475460306,"bin<2"
