"my.strains","samplesize","R","t0","n","G","avgLS","stdLS","CV","GompGFlex","GompRFlex","GompLogLikFlex","GompAICFlex","WeibShapeFlex","WeibRateFlex","WeibLogLikFlex","WeibAICFlex","BinomialAIC","BestModel"
"fig1b.BY4742",250,0.00408771287880966,55.3072107684127,8.13604210082548,0.129025528528389,27.056,9.4157042192167,0.348007991544083,0.08963203603127,0.00574013236344433,-933.8,1872,3.10606941513343,30.237194989661,-913.5,1831,1858.88843374886,"Weib"
"fig2b.sir2",90,0.00268070746438152,15.9578969626803,7.90019850560724,0.432400241820352,13.8,3.70908389913015,0.268774195589141,0.293807383118575,0.00310122513257044,-244.9,494,4.34875569503674,15.1540267719415,-244,492,497.107662055971,"Weib"
"fig4b.by4742.SIR2.ox.2glucose",60,0.00346751106253322,66.925862121221,7.9845204370462,0.104362054005301,33.6166666666667,10.8738399602084,0.323465740016116,0.07457642844625,0.0043795301327597,-235.4,475,3.2669092159154,37.5045160951853,-227.7,459,472.637061958655,"Weib"
"fig1b.fob1",140,0.00247876116048282,66.8084142233357,7.82401799354076,0.102143091897505,38.0642857142857,12.8159133961171,0.336691288319833,0.0745732814276712,0.00291492584561626,-559.9,1124,3.31237729154612,42.4769076234161,-553.9,1112,1122.42091377218,"bin<2"
"fig1b.hxk2",120,0.00483785785236889,98.9077311198819,7.66279655935925,0.0673637589692918,38.0833333333333,16.4166257873199,0.431071136647349,0.0505165209454408,0.00576323665710673,-507.9,1020,2.52854061875551,43.0521969999161,-501.2,1006,1019.2258329289,"bin<2"
"fig1b.fob1.hxk2",160,0.00311647703984299,108.092605240729,7.38932052235407,0.0591096912515396,50.26875,20.4541893034873,0.406896716220063,0.0462178532115345,0.00320512628878853,-707.2,1418,2.69388889920435,56.4833832889161,-708.9,1422,1420.95038534989,"bin<2"
