"my.strains","samplesize","R","t0","n","G","avgLS","stdLS","CV","GompGFlex","GompRFlex","GompLogLikFlex","GompAICFlex","WeibShapeFlex","WeibRateFlex","WeibLogLikFlex","WeibAICFlex","BinomialAIC","BestModel"
"fig1b.BY4742",250,0.00554812755414145,63.6527976041172,8.10182555610328,0.111571302808597,26.552,9.68454737359084,0.364738903795979,0.0781546800964418,0.00769123728841265,-948.1,1900,2.9116183801076,29.76893412162,-918.7,1841,1884.66984200073,"Weib"
"fig2b.sir2",90,0.00283655585169246,17.7037864182038,8.16667244817483,0.404810150714751,14.0666666666667,3.69573091096905,0.262729685613914,0.267323509461132,0.0039374164042477,-249.9,504,4.25769410757098,15.4495447161817,-245,494,502.581371702907,"bin<2"
"fig4b.by4742.SIR2.ox.2glucose",60,0.00309078023253311,72.9735887263083,7.86230340763354,0.0940381791194484,37.65,12.3615382181444,0.328327708317248,0.0684221303389827,0.00368572792143817,-241.6,487,3.27708260824445,42.0192764778451,-235.1,474,485.820488360425,"bin<2"
"fig1b.fob1",140,0.00283923971302058,72.6579260759844,7.83003579948717,0.0940026252929988,39.0071428571429,12.5861042644253,0.32266152664705,0.0686214891403743,0.0033070834854622,-564.9,1134,3.35989396579865,43.4306452187938,-552.4,1109,1128.46893032584,"Weib"
"fig1b.hxk2",120,0.00688924597199181,110.536982897806,7.57283849302385,0.0594627998766765,35.1833333333333,15.8363390925536,0.450109116794513,0.0452087370472235,0.00812051959160027,-506.7,1017,2.39433874974346,39.8497524271224,-494.8,994,1015.31499345292,"bin<2"
"fig1b.fob1.hxk2",160,0.00631269465898876,129.424894334203,6.02335190390539,0.0388128723592697,48.45625,21.8095953941806,0.450088386826891,0.0386321826563569,0.0046813199435539,-718.7,1441,2.38267212610002,54.6453989245912,-716.8,1438,1449.83408891838,"Weib"
