"my.strains","samplesize","R","t0","n","G","avgLS","stdLS","CV","GompGFlex","GompRFlex","GompLogLikFlex","GompAICFlex","WeibShapeFlex","WeibRateFlex","WeibLogLikFlex","WeibAICFlex","BinomialAIC","BestModel"
"fig1b.BY4742",250,0.00451485706292792,57.2965993316834,8.11529090624202,0.124183476667654,26.748,9.64784013534161,0.36069388871473,0.0866260432183717,0.00630263295888,-937.4,1879,2.97827484105245,29.8815733418346,-922.2,1848,1866.73334197651,"Weib"
"fig2b.sir2",90,0.00315845211408125,19.489369541131,8.21069304348232,0.369980826124963,14.4222222222222,3.95473767302232,0.274211394893689,0.245657275477294,0.00454130726318918,-256.6,517,4.04023142953921,15.8880265381918,-251.3,507,515.288936937528,"bin<2"
"fig4b.by4742.SIR2.ox.2glucose",60,0.0025453267340614,53.9635266973685,8.14480713420847,0.132400670813772,32.2666666666667,8.68637481027804,0.269205830897047,0.0923693650302675,0.00327368045460909,-224.5,453,3.83173128016453,35.5798667544757,-215.9,436,449.626628269149,"Weib"
"fig1b.fob1",140,0.00269654333209879,62.4949860263971,7.39639721160616,0.102350566314302,37.7642857142857,13.130562248196,0.347697884385748,0.0797360576168786,0.00249983992203725,-557.2,1118,3.27876790742451,42.2452325482463,-556.2,1116,1123.49409773525,"Weib"
"fig1b.hxk2",120,0.00534179588342319,103.0550289474,7.49393235666595,0.063014220877862,37.9916666666667,17.3570976126487,0.456865916542628,0.0484895029824533,0.0060898216221957,-511.1,1026,2.28319183309985,42.6581074853932,-512.7,1029,1027.17309152308,"bin<2"
"fig1b.fob1.hxk2",160,0.00357080256741068,109.399429149113,7.4561838787099,0.0590147858076116,47.1375,20.3115629924181,0.430900302146234,0.0456699785854576,0.0038660084773232,-704.4,1413,2.5156836699975,53.0480020846495,-707.6,1419,1415.37905564179,"Gomp"
