"my.strains","samplesize","R","t0","n","G","avgLS","stdLS","CV","GompGFlex","GompRFlex","GompLogLikFlex","GompAICFlex","WeibShapeFlex","WeibRateFlex","WeibLogLikFlex","WeibAICFlex","BinomialAIC","BestModel"
"fig1b.BY4742",250,0.00406708215036643,54.9153779946001,8.12128236110599,0.129677380383437,27.176,8.96182353790221,0.329769779875707,0.0902417846997233,0.00566476306239552,-930.3,1865,3.22516409151235,30.3178545402483,-901.8,1808,1848.10452433026,"Weib"
"fig2b.sir2",90,0.00239907429617709,15.5930492475196,7.67844164939544,0.428296065983231,14.5222222222222,3.39936470527959,0.23408020158773,0.30027223672763,0.00234643204265748,-242.5,489,4.77430477907154,15.853027104102,-237.8,480,492.746774818786,"Weib"
"fig4b.by4742.SIR2.ox.2glucose",60,0.00255864031528505,55.2582884045292,7.88915010681306,0.124671796860223,33.6333333333333,9.72497512813981,0.289146931461045,0.0902457810235641,0.00292301055153727,-228,460,3.70165919760422,37.2635328827943,-221.6,447,458.771722714113,"bin<2"
"fig1b.fob1",140,0.0030165921601759,63.4095998421124,7.61310825514252,0.104291909610042,35.5214285714286,12.5362598447121,0.352921049318258,0.0785853368322347,0.00318730253495689,-554,1112,3.18625945195392,39.7884163839991,-549.6,1103,1113.29370525863,"bin<2"
"fig1b.hxk2",120,0.00596444660780623,109.304213032448,7.58907216585106,0.0602819597072166,37.2833333333333,16.22384557576,0.435150082496915,0.0457180001665613,0.00702765812944315,-510.4,1025,2.47628450384347,42.1971085781544,-498.2,1000,1022.56972182104,"Weib"
"fig1b.fob1.hxk2",160,0.00633210704196268,132.65892611698,6.02275897075864,0.0378622013442918,48.68125,23.0111736257676,0.472690689449584,0.0376904194545165,0.0047395466977138,-722.7,1449,2.25861367558461,54.9233878418867,-725.5,1455,1458.76075177126,"Gomp"
