"my.strains","samplesize","R","t0","n","G","avgLS","stdLS","CV","GompGFlex","GompRFlex","GompLogLikFlex","GompAICFlex","WeibShapeFlex","WeibRateFlex","WeibLogLikFlex","WeibAICFlex","BinomialAIC","BestModel"
"fig1b.BY4742",250,0.00582557373674476,60.971631738497,8.00956363468479,0.114964343823834,25.664,9.60918569906924,0.374422759471214,0.0815741348053892,0.00776856106040228,-941,1886,2.85049604891052,28.80000318861,-916.6,1837,1873.45474986554,"Weib"
"fig2b.sir2",90,0.00233941896178131,13.7116851863185,7.63004292296267,0.483532318082836,13.5888888888889,3.11175532834294,0.228992624326136,0.335147427768647,0.00216051750929787,-232.5,469,4.9822865532587,14.7795264630527,-229.1,462,474.819834395965,"Weib"
"fig4b.by4742.SIR2.ox.2glucose",60,0.00545589443584458,56.9060562972832,6.0353981640982,0.0884861558107761,34.4166666666667,9.69412134752629,0.28166938540028,0.0878600067152877,0.00293487479882561,-228.4,461,3.80494902622374,38.0355315794903,-221.5,447,469.839157647895,"Weib"
"fig1b.fob1",140,0.00356501954410659,75.9241961305319,7.84320124022258,0.090132021002336,36.3285714285714,13.1468971403644,0.361888635401301,0.065713887571673,0.00435723939691906,-566.8,1138,3.0242554994928,40.7179531553856,-556.9,1118,1133.5661798954,"Weib"
"fig1b.hxk2",120,0.00526590331904615,99.0910982344007,7.69556815773071,0.0675698249089167,36.6416666666667,15.9293586746961,0.4347334639444,0.0504222409845758,0.0063741875194725,-505,1014,2.47572916982783,41.351753564097,-498.6,1001,1012.80357937895,"bin<2"
"fig1b.fob1.hxk2",160,0.00540209751411577,116.668723902829,6.02331518043274,0.0430562280308867,49.39375,21.6977803331043,0.439281899695899,0.0428559522181736,0.00376873536913512,-714.3,1433,2.47722712456358,55.7029602525538,-716.5,1437,1444.43239576105,"Gomp"
