"my.strains","avgLS","avgLSstd","R","Rstd","t0","t0std","n","nstd","GompRFlex","GompRFlexstd","GompGFlex","GompGFlexstd","WeibAICFlex","WeibAICFlexstd","GompAICFlex","GompAICFlexstd","BinomialAIC","BinomialAICstd"
"BY4742",26.60008,0.566374107722969,0.00470862765943936,0.000773396943742489,56.2418038927362,10.0892117207874,7.92214528182689,0.825412039742284,0.00662214346735891,0.000877710929881213,0.0856399487667278,0.00638080980756655,1832.25,24.3087775642188,1878.29,23.1579098339809,1863.52656587413,24.4462249112371
"sir2",13.9616666666667,0.337362018183925,0.00275662269014885,0.00046161078227722,16.6424596460937,1.88413790482136,7.99247937153522,0.299779434473496,0.0035223011591924,0.00120486609389659,0.285896265690271,0.0308546969655879,483.1,15.4687694495337,493.59,15.5291156974064,494.341662069045,12.1837532520238
"SIR2.ox",34.7191666666667,1.42449781451887,0.00327575590725732,0.000695908079776938,65.1751274412056,7.47562818801888,7.82732605260285,0.513592542000396,0.00383456138451783,0.00103410473197656,0.0775887644009936,0.00893795501770327,457.75,8.82646960321994,472.71,9.00762303425675,471.457247910941,8.46315067612636
"fob1",37.7207857142857,1.11921574448567,0.00324866054858401,0.000613726109596959,71.4249224026717,5.68706669651425,7.5787511009938,0.467530610377636,0.00345470206739817,0.00067545575634548,0.0702701246191187,0.00555206281952669,1121.55,13.3797487557755,1133.84,13.5450762607337,1134.36245461723,12.4178360675484
"hxk2",36.7724166666667,1.59633053502345,0.00572674477979412,0.00103945530237249,101.274427562064,12.8510314852777,7.47374618664216,0.62898574747781,0.00668553927066636,0.00108664278429529,0.0488298384985923,0.00345091369997053,1006.87,13.5091850534398,1017.62,9.00368050445276,1016.82934833337,10.4686478500792
"fob1.hxk2",48.4585625,1.5651022913189,0.00511693353036226,0.00132068587880281,118.115400056567,8.33778454064745,6.48987475714196,0.671033605556653,0.00408652027289378,0.000633481186381508,0.0425343081961642,0.00305115898968941,1430.63,12.8461407953258,1427.9,11.4622789350041,1435.6014655997,13.0830544227066
